,Country Name,Country Code,GDP,population,CO2,corruption_index,female_of_total_pop,female_to_male_labor,homicide_rate,Number of Internet users,Labor force,land_area,political_regime,Tax rate,Temperature,exchange_rate,FDI,inflation,literacy_rate,ict_development_index,energy_production
0,Afghanistan,AFG,,41128771.0,12147948.0,5.0,49.488403,6.98535794895538,4.0224977,7170891.0,8920521.0,652230.0,0.0,20.0,14.5,,,,32.0,,71.0
1,Albania,ALB,18916378860.5488,2777689.0,4954730.0,7.0,50.04904,78.0831029844348,2.3119686,2071012.0,1399098.0,27400.0,1.0,15.0,13.3,113.041666666667,1441381891.41694,6.72520271530049,97.0,81.6,63.0
2,Algeria,DZA,194998449769.085,44903225.0,176345140.0,7.0,49.075874,25.09815044261,1.5731823,27331100.0,13425064.0,2381741.0,1.0,26.0,24.1,141.994975,75640098.0874956,9.26551551551553,73.0,77.8,5506.0
3,American Samoa,ASM,871000000.0,44273.0,,,50.50738,0.0,,,,200.0,,34.0,,,,,,,0.0
4,Andorra,AND,3352031094.22914,79824.0,368645.0,,48.932106,0.0,,,,470.0,,10.0,,0.950915533962108,,,100.0,87.2,1.0
5,Angola,AGO,106782770714.619,35588987.0,16070269.0,7.0,50.580795,93.5988473808789,,12034256.0,15222540.0,1246700.0,1.0,25.0,21.6,460.567511631462,-6598652652.09389,,71.0,44.1,3253.0
6,Antigua and Barbuda,ATG,1867733333.33333,93763.0,602192.0,,52.252224,0.0,17.163792,,,440.0,,25.0,,2.7,301726890.547669,7.53107834634289,99.0,79.7,0.0
7,Argentina,ARG,631133384439.944,46234830.0,192864430.0,8.0,50.493736,71.4898403993532,4.6226788,38505807.0,21842876.0,2736690.0,2.0,35.0,15.4,130.61655,15408346793.7001,,98.0,81.5,3108.0
8,Armenia,ARM,19513474648.2429,2780469.0,6407760.0,6.0,54.97991,81.9926793557833,2.1856172,2146572.0,1355546.0,28470.0,2.0,18.0,8.6,435.6661796523,998055425.363603,8.64091108973855,100.0,85.1,42.0
9,Aruba,ABW,3544707788.05664,106445.0,865874.0,,52.87365,0.0,,,,180.0,,22.0,,1.79,248150282.616618,,,,1.0
10,Australia,AUS,1692956646855.7,26005540.0,392279260.0,9.0,50.357998,86.2043355800625,0.74456745,23000366.0,14293694.0,7692020.0,3.0,30.0,22.0,1.44166445896522,70084936395.4025,6.59409671341846,99.0,94.0,18950.0
11,Austria,AUT,470941926750.741,9041851.0,61488424.0,8.0,50.783787,84.8479411500852,0.7285295,7796929.0,4784783.0,82520.0,2.0,24.0,8.7,,10114413567.4107,8.5468699318845,98.0,92.5,501.0
12,Azerbaijan,AZE,78721058823.5294,10141756.0,38062656.0,6.0,50.652264,92.026650647152,1.9102119,8701069.0,5518226.0,82646.0,1.0,20.0,13.8,1.7,-4474481000.0,13.8522590144267,100.0,79.0,2412.0
13,"Bahamas, The",BHS,12897400000.0,409984.0,2120000.0,3.0,52.188004,82.1559235092219,29.173424,353636.0,242250.0,10010.0,,0.0,,1.0,530913950.39875,5.60540633583044,96.0,88.5,0.0
14,Bahrain,BHR,44383297872.3404,1472233.0,37795670.0,6.0,37.902634,50.6693148420279,0.068340294,1472602.0,855301.0,785.0,0.0,0.0,28.8,0.376,1951329787.23404,3.62574104304482,95.0,96.5,1045.0
15,Bangladesh,BGD,460201265527.977,171186372.0,102103340.0,8.0,50.401543,46.1686253961125,,41520393.0,74913612.0,130170.0,1.0,27.5,25.7,91.7454544396961,1634888030.42698,7.69695437176858,60.0,61.1,1457.0
16,Barbados,BRB,5699950000.0,281635.0,1232837.0,3.0,52.0505,88.7081122062168,11.379821,,145851.0,430.0,3.0,5.5,,2.0,200000000.0,,100.0,77.3,2.0
17,Belarus,BLR,72793457588.4367,9228071.0,58801130.0,7.0,53.905544,82.8205164050159,,8197353.0,4960878.0,202980.0,1.0,20.0,8.0,2.6261,1613025743.38,15.2096752740809,100.0,86.9,187.0
18,Belgium,BEL,583435595579.963,11685814.0,89605360.0,8.0,50.610302,85.0311185870479,1.0765264,10582024.0,5382321.0,30280.0,3.0,25.0,12.0,,12484998787.3917,9.597511728725,99.0,88.2,571.0
19,Belize,BLZ,2830507575.6841,405272.0,725231.0,,49.696148,65.0916592067878,31.247578,,190064.0,22810.0,,0.0,,2.0,140907967.620593,6.27689319447544,83.0,,7.0
20,Benin,BEN,17396792699.5489,13352864.0,8432160.0,6.0,49.913338,82.4886937048294,,3261925.0,4964239.0,112760.0,1.0,30.0,28.7,623.937311932306,266603189.472,1.35077863583571,29.0,38.3,124.0
21,Bermuda,BMU,7546000000.0,63532.0,445408.0,,51.759758,0.0,10.905975,,,54.0,,0.0,,1.0,-32893333.3,,,,1.0
22,Bhutan,BTN,,782455.0,1055528.0,4.0,47.051395,87.3518107508255,,413294.0,429536.0,38140.0,2.0,25.0,10.6,78.6044905829916,8402097.14562732,5.63916671396365,53.0,76.5,91.0
23,Bosnia and Herzegovina,BIH,24473906673.7086,3233526.0,19735710.0,6.0,50.773582,67.6740691267323,0.9783111,2429408.0,1368568.0,51200.0,2.0,10.0,11.6,1.85932587706093,797783244.874083,,98.0,76.6,219.0
24,Botswana,BWA,20355541962.8512,2630296.0,7467293.0,7.0,50.636547,86.2536371755351,10.546963,1629699.0,1170359.0,566730.0,2.0,22.0,22.0,12.3688083333333,216459291.052761,11.665567478802,87.0,74.0,51.0
25,Brazil,BRA,1920095779022.73,215313498.0,483477300.0,8.0,50.873352,72.8028829026335,,173419624.0,108695239.0,8358140.0,2.0,34.0,25.5,5.16397029102111,74606361830.23,9.28010608956873,90.0,81.9,13393.0
26,British Virgin Islands,VGB,,31305.0,156784.0,,51.8797,0.0,,,,150.0,,0.0,,,38118551088.5,,,,0.0
27,Brunei Darussalam,BRN,16681536466.7183,449002.0,10753688.0,,48.25663,76.2515993231252,,419649.0,227798.0,5270.0,,18.5,,1.37895639652216,-292416275.450752,3.68225030604216,96.0,94.8,603.0
28,Bulgaria,BGR,90346169914.9349,6465097.0,46147496.0,10.0,51.504242,80.1000671376962,1.2779799,4896594.0,3081382.0,108560.0,2.0,10.0,12.3,1.86014166666667,3216630000.0,15.3252589264366,98.0,85.6,453.0
29,Burkina Faso,BFA,18820064797.8379,22673762.0,5962168.0,7.0,50.179382,79.0419983530058,,4734979.0,8577269.0,273600.0,0.0,27.5,29.3,623.759700911182,121295499.755,14.2902354303358,29.0,28.5,133.0
30,Burundi,BDI,3338722827.66241,12889576.0,798451.0,5.0,50.349133,99.9277007572394,,1148701.0,5722443.0,25680.0,1.0,30.0,20.4,2034.30663430472,12883687.934,18.8008786664945,87.0,23.0,56.0
31,Cabo Verde,CPV,2226862134.08787,593149.0,568778.0,3.0,50.27512,78.7577869610806,,375807.0,257317.0,4030.0,2.0,22.44,,105.530782711447,121843587.625305,7.93092925430087,85.0,68.1,2.0
32,Cambodia,KHM,29504829319.3169,16767842.0,19955042.0,7.0,50.496983,84.2483200310521,,,9174840.0,176520.0,1.0,20.0,27.3,4102.03786482335,3578831295.87393,5.34370264895437,74.0,68.5,161.0
33,Cameroon,CMR,43644068310.851,27914536.0,9572651.0,9.0,50.128986,87.7332046986428,,10013632.0,11965019.0,472710.0,1.0,33.0,24.9,623.759700911182,925681548.563252,6.24767713343879,71.0,36.8,556.0
34,Canada,CAN,2161483369422.01,38929902.0,547943900.0,8.0,50.307953,88.2009261530028,2.0652595,36740677.0,21639790.0,8965590.0,2.0,26.21,-4.2,1.30155477474355,49984660121.8887,6.80280115341613,99.0,87.2,21671.0
35,Central African Republic,CAF,2382618615.01694,5579144.0,226226.0,5.0,50.00546,81.352516877583,,555674.0,2114113.0,622980.0,1.0,30.0,25.6,623.759700911182,24047722.185,5.58316735183247,37.0,,35.0
36,Chad,TCD,12704149840.2283,17723315.0,2369204.0,6.0,49.804073,67.2453655632623,,1731049.0,5806355.0,1259200.0,0.0,35.0,27.3,623.759700911182,614018506.463,5.78802687843616,38.0,20.0,372.0
37,Chile,CHL,301024724911.923,19603733.0,84377720.0,9.0,50.36716,72.7971988637962,3.6320386,17042181.0,9847754.0,743532.0,3.0,27.0,9.4,873.314189543014,20864902958.1511,11.6438667110561,97.0,90.7,535.0
38,China,CHN,17963171479205.3,1412175000.0,11396777000.0,8.0,48.940754,83.9544010983677,,1003218650.0,779890786.0,9424703.0,0.0,25.0,8.1,6.73715811237119,180166881345.04,1.97357555739051,95.0,84.4,111744.0
39,Colombia,COL,343622114560.409,51874024.0,99717870.0,8.0,50.665882,67.8843970320298,27.484365,35544505.0,26003385.0,1109500.0,2.0,35.0,24.7,4256.19416666667,17182521349.9059,10.1772313546166,93.0,71.9,4025.0
40,Comoros,COM,1242519407.27815,836774.0,412760.0,4.0,49.770027,59.7196379861625,,,234437.0,1861.0,1.0,50.0,23.7,467.184261187176,3839060.11649434,,77.0,43.5,4.0
41,"Congo, Rep.",COG,15816996654.5788,5970424.0,7431930.0,7.0,50.059444,97.195990120587,,,2461099.0,341500.0,1.0,28.0,,623.759700911182,532256251.033,3.04344334698478,79.0,29.2,776.0
42,Costa Rica,CRI,69243626028.6696,5180829.0,7888694.0,7.0,49.9658,63.4084822377464,11.40871,4125648.0,2407610.0,51060.0,3.0,30.0,24.6,647.135817631363,3673404328.97314,8.27477490232654,97.0,83.9,116.0
43,Croatia,HRV,71600049650.195,3855600.0,17526086.0,9.0,51.310783,83.119157865529,0.81278074,3208708.0,1735594.0,55960.0,2.0,18.0,13.2,7.1597415,3589230734.05033,10.7805806758686,99.0,87.1,157.0
44,Cuba,CUB,,11212191.0,20921022.0,5.0,50.34583,58.5617447686413,,8362514.0,5317246.0,103800.0,0.0,35.0,,,,,100.0,55.3,170.0
45,Curacao,CUW,3075180834.72417,149996.0,1756690.0,,52.084713,0.0,,,,444.0,,22.0,,1.79,164055348.659218,,,,1.0
46,Cyprus,CYP,29250524418.0855,1251488.0,7029358.0,8.0,49.914803,85.5471799894951,1.2859793,1123710.0,692875.0,9240.0,3.0,12.5,19.3,,480194908.40874,8.39548297993373,99.0,87.4,7.0
47,Czechia,CZE,290565654835.809,10672118.0,97969300.0,10.0,50.751102,75.6777635261194,0.44716123,8565759.0,5404325.0,77198.53,3.0,19.0,,23.357,10529730878.5701,15.1001651468371,99.0,86.1,987.0
48,Denmark,DNK,400167196948.707,5903037.0,29059308.0,8.0,50.25561,87.8042663676865,0.80283684,5624604.0,3169686.0,40000.0,3.0,22.0,9.8,7.0761518625,34212739239.5954,7.6965669988926,99.0,96.9,385.0
49,Djibouti,DJI,3515108859.95465,1120849.0,453036.0,5.0,50.351723,40.1129821219861,,643196.0,255564.0,23180.0,1.0,25.0,,177.721,187022847.623808,5.17980847967071,,63.6,4.0
50,Dominica,DMA,607440740.740741,72737.0,153220.0,3.0,50.230625,0.0,13.809771,,,750.0,,25.0,,2.7,17653772.958962,,92.0,76.9,0.0
51,Dominican Republic,DOM,113537368176.13,11228821.0,23637946.0,7.0,49.79055,68.0352522426678,10.541584,8458745.0,5301571.0,48310.0,2.0,27.0,24.6,55.1409916666667,3961600000.0,8.81109209279587,90.0,75.0,44.0
52,Ecuador,ECU,115049476000.0,18001000.0,41613410.0,7.0,50.06762,68.2559034907597,14.024255,11362233.0,8893065.0,248360.0,2.0,25.0,21.1,1.0,845052803.529517,3.46616972213077,92.0,68.2,1167.0
53,"Egypt, Arab Rep.",EGY,476747720364.742,110990103.0,258951660.0,7.0,49.42414,23.071961411184,,77282687.0,33430910.0,995450.0,1.0,22.5,23.9,19.1604397412204,11399900000.0,13.8956609775178,72.0,75.8,3656.0
54,El Salvador,SLV,32488720000.0,6336392.0,7714380.0,7.0,52.38183,60.2500555824386,18.165499,3435919.0,2870401.0,20720.0,1.0,30.0,25.2,1.0,-388706.860000312,7.19861615609791,84.0,61.9,87.0
55,Equatorial Guinea,GNQ,12029633746.519,1674908.0,5076202.0,4.0,47.176937,86.7209173293878,,,592618.0,28050.0,1.0,35.0,,623.759700911182,458509902.999,4.78671704710803,95.0,37.6,552.0
56,Eritrea,ERI,,3684032.0,696826.0,5.0,50.671654,83.3894185829127,,,1800336.0,121040.83,0.0,30.0,,15.075,-32045670.0,,72.0,,31.0
57,Estonia,EST,38100812958.5196,1348840.0,10311845.0,10.0,52.5724,86.0591472770012,1.9567984,1183985.0,740661.0,42750.0,3.0,20.0,6.9,,1646928488.25507,19.3982634080616,100.0,96.9,183.0
58,Eswatini,SWZ,4790922065.6101,1201670.0,1265046.0,3.0,50.36112,86.6591067051981,12.664906,,405086.0,17200.0,0.0,27.5,20.9,16.3622830559282,13350248.303289,,,71.7,30.0
59,Ethiopia,ETH,126783471597.671,123379924.0,19073260.0,8.0,49.749016,87.0455762826335,,28125821.0,61664369.0,1128571.2,1.0,30.0,23.5,51.7562150334169,3669991332.17486,33.8898797100898,39.0,33.8,1441.0
60,Faroe Islands,FRO,3555929833.05051,53090.0,748133.0,,,0.0,,,,,,18.0,,,,,,,1.0
61,Fiji,FJI,4979979546.0123,929766.0,1073925.0,3.0,49.850857,50.6160708513802,,,390514.0,18270.0,1.0,20.0,,2.2014069869585,103581591.564163,4.52019266394958,94.0,73.2,6.0
62,Finland,FIN,282649838009.729,5556106.0,36163000.0,8.0,50.59556,90.7578616352201,,5096511.0,2866601.0,303940.0,3.0,20.0,3.2,,13363660492.3701,7.12350773301402,100.0,96.7,761.0
63,France,FRA,2779092236505.85,67971311.0,297533920.0,8.0,51.658867,87.8133994376695,1.13743,54679086.0,31790395.0,547557.0,3.0,25.825,13.2,,105424958013.771,5.22236748369735,99.0,89.4,4976.0
64,French Polynesia,PYF,5814661208.90544,306279.0,873217.0,,49.420784,78.6990445859873,,,137413.0,3471.0,,25.0,,113.474367224106,-9480302.6,,,,1.0
65,Gabon,GAB,21071739224.8918,2388992.0,5705554.0,6.0,49.067883,69.2467748647524,,1421401.0,763104.0,257670.0,1.0,30.0,25.5,623.759700911182,1104592039.042,4.23124798274619,82.0,72.9,516.0
66,"Gambia, The",GMB,2187194563.48605,2705992.0,770472.0,7.0,50.25902,85.8608963508547,,939512.0,969074.0,10120.0,2.0,27.0,28.5,54.9234673586679,231488000.0,11.5131198380506,53.0,,7.0
67,Georgia,GEO,24780791063.7131,3712502.0,11092909.0,6.0,52.982906,75.1502009585238,,2731476.0,1822769.0,69490.0,2.0,15.0,9.9,2.9162,2131439388.31,11.8981654203198,100.0,85.1,44.0
68,Germany,DEU,4082469490797.68,83797985.0,665604700.0,8.0,50.659748,84.2256042972247,0.83324784,74840220.0,44368658.0,349390.0,3.0,29.941,10.8,,47374917272.7408,6.87257438551097,99.0,87.3,4034.0
69,Ghana,GHA,73766052451.5256,33475870.0,20806944.0,9.0,50.124813,90.0909605377576,1.8365651,18664633.0,14887115.0,227533.0,2.0,25.0,27.7,8.2724,1510872058.18097,31.2558951049016,71.0,65.9,704.0
70,Gibraltar,GIB,,32649.0,,,50.053566,0.0,,,,10.0,,12.5,,0.811301715827773,,,,,0.0
71,Greece,GRC,217581324512.059,10426919.0,59662764.0,8.0,51.012848,76.5742560835084,0.85205257,8211719.0,4655750.0,128900.0,2.0,22.0,14.9,,7947989003.13405,9.64525981280632,97.0,83.7,191.0
72,Greenland,GRL,,56661.0,591718.0,,47.383675,0.0,,,,410450.0,,26.5,,,,,,,2.0
73,Grenada,GRD,1215379155.67282,125438.0,340416.0,3.0,49.959072,0.0,4.012519,70369.0,,340.0,,28.0,,2.7,156234559.117364,2.55978911929342,98.0,73.4,0.0
74,Guam,GUM,,171774.0,,,49.64113,81.9288852678442,,,80212.0,540.0,,21.0,,,,,,,0.0
75,Guatemala,GTM,95003330315.8754,17357886.0,19193244.0,7.0,50.49562,50.350883684217,19.990364,8676149.0,7257455.0,107160.0,1.0,25.0,23.8,7.74824375,1386717660.0,6.88512823344287,78.0,54.8,360.0
76,Guinea,GIN,20999229260.4955,13859341.0,4953613.0,7.0,50.591587,66.5374413385023,,3433341.0,4400646.0,245720.0,0.0,25.0,26.0,,658300000.0,10.4930409984424,25.0,,119.0
77,Guinea-Bissau,GNB,1633559092.08861,2105566.0,326745.0,6.0,50.63786,77.0281985404221,,461627.0,726412.0,28120.0,1.0,25.0,28.1,623.759700911182,21940884.892,9.39383877456527,58.0,33.1,27.0
78,Guyana,GUY,14718388489.2086,808726.0,3537124.0,5.0,51.074924,63.3810704856389,16.28205,,295000.0,196850.0,2.0,25.0,26.2,208.5,440109966.139141,6.11505550109935,85.0,,4.0
79,Haiti,HTI,20253551884.6055,11584996.0,2446681.0,6.0,50.444927,86.7668209327163,13.007129,3900847.0,5237767.0,27560.0,1.0,30.0,25.0,115.630715521746,39413200.0,33.98393194707,49.0,,142.0
80,Honduras,HND,31717699764.3621,10432860.0,11159723.0,8.0,49.49866,66.0247246929267,38.245457,4256201.0,4675950.0,111890.0,2.0,30.0,24.7,24.4858737291131,758999597.634192,9.08963911525025,85.0,56.3,101.0
81,Hungary,HUN,177337436677.365,9643048.0,44353616.0,10.0,52.06605,78.5974313422838,0.7724166,8265671.0,4936209.0,91260.0,1.0,9.0,12.6,372.595833333333,-10235193158.6733,14.6081439492433,99.0,86.8,449.0
82,Iceland,ISL,28064529851.3098,382003.0,3542503.0,7.0,48.742893,89.2519138420778,0.5400516,363015.0,233608.0,100830.0,3.0,20.0,2.1,135.27990200138,1220864330.61939,8.3087551155892,99.0,94.8,335.0
83,India,IND,3416645826052.87,1417173173.0,2829644300.0,9.0,48.385757,42.5568492615457,2.9362788,600446441.0,593729164.0,2973190.0,1.0,30.0,25.2,78.6044905829916,49940258404.266,6.6990341407983,69.0,,23600.0
84,Indonesia,IDN,1319100220407.72,275501339.0,728883260.0,8.0,49.643517,65.0341199018519,,146059763.0,140931083.0,1877519.0,2.0,22.0,26.0,14849.8539362105,24702029705.0926,4.20946383402165,93.0,80.1,20464.0
85,Iraq,IRQ,264182173793.103,44496122.0,179080800.0,5.0,49.929684,15.7686069562083,,,11811525.0,434128.0,1.0,15.0,,1450.0,-2088200000.0,4.99476596381044,79.0,69.5,8916.0
86,Ireland,IRL,533140011838.276,5127170.0,38784012.0,8.0,50.448086,85.0462377658139,0.4411889,4550428.0,2712772.0,68890.0,3.0,12.5,10.4,,-1898868608.45574,7.80737540996716,99.0,88.9,146.0
87,Isle of Man,IMN,,84519.0,,,50.47055,0.0,,,,570.0,,0.0,,0.811301715827773,,,,,1.0
88,Palestine,PSE,525002447652.773,9557500.0,56118090.0,6.0,50.14469,88.5359859226619,1.9438074,7892890.0,4527473.0,21640.0,3.0,23.0,20.2,3.35961440158189,23031200000.0,4.39359665912654,98.0,91.1,495.0
89,Italy,ITA,2049737165407.98,58940425.0,338097280.0,8.0,51.26081,70.2148653476464,0.51147586,41938046.0,25661937.0,295717.0,3.0,27.81,14.4,,62728326243.5608,8.20128991161718,99.0,86.4,1469.0
90,Jamaica,JAM,17097760723.9201,2827377.0,6487594.0,7.0,50.385315,81.0350060036682,52.127274,,1559374.0,10830.0,2.0,25.0,26.0,153.426816475659,318736000.0,10.3495688391274,88.0,77.0,11.0
91,Japan,JPN,4256410760723.75,125124989.0,1053797800.0,9.0,51.395287,76.6660144238833,0.22870894,112995146.0,69278589.0,364500.0,3.0,29.74,12.4,131.498140443764,49278835164.4328,2.49770278172255,99.0,92.0,1811.0
92,Jordan,JOR,48653381780.6397,11285869.0,22912578.0,7.0,48.15204,22.3810206650415,1.0225796,,3062800.0,88794.0,0.0,20.0,19.8,0.71,1137042253.52113,4.22915568897117,93.0,78.5,33.0
93,Kazakhstan,KAZ,225496328925.494,19621972.0,271178270.0,9.0,51.916187,84.7566131175263,,16311260.0,9558863.0,2699700.0,1.0,20.0,8.1,460.165,4926602899.11,,100.0,88.9,6650.0
94,Kenya,KEN,113420008178.793,54027487.0,24851922.0,9.0,50.421883,95.8960328317373,5.274913,15335805.0,25501846.0,569140.0,2.0,30.0,25.2,117.865989201683,393583092.135275,7.65687456104604,72.0,54.2,777.0
95,Kiribati,KIR,223353014.294593,131232.0,68043.0,,51.329205,0.0,,48060.0,,810.0,,30.0,,1.44166445896522,2894134.13474996,,,45.5,1.0
96,Kuwait,KWT,175363265306.122,4268873.0,109190000.0,8.0,39.044106,55.3907022749753,,4321463.0,2462920.0,17820.0,1.0,15.0,27.6,0.306250154417754,752255305.966946,3.98064961990313,96.0,98.2,6353.0
97,Kyrgyz Republic,KGZ,11543966558.842,6974900.0,9449704.0,7.0,50.894836,67.7152003644139,,,3062214.0,191800.0,1.0,10.0,3.9,84.1162225704045,54849000.0,13.9229093174175,99.0,84.7,102.0
98,Latvia,LVA,40932030049.5644,1879383.0,6591454.0,9.0,53.68007,81.4880943669599,3.0417538,1686484.0,965500.0,62230.0,3.0,20.0,7.4,,1161689940.11093,17.3102830198815,100.0,93.8,113.0
99,Lebanon,LBN,,5489739.0,23904522.0,6.0,51.480957,41.9640539343687,,4762519.0,1771423.0,10230.0,1.0,17.0,15.7,1507.5,526828803.836365,171.205491336641,90.0,76.1,10.0
100,Lesotho,LSO,2236502124.16956,2305825.0,3134694.0,5.0,50.658745,78.8491041586762,,969265.0,1004025.0,30360.0,2.0,25.0,12.6,16.3558534845,-7820069.16054053,8.27180389943028,76.0,44.3,16.0
101,Liberia,LBR,4001046970.0,5302681.0,876934.0,7.0,50.222107,88.9299572670563,,1302423.0,2498590.0,96320.0,2.0,25.0,25.5,152.933756840022,960192468.672831,,43.0,,90.0
102,Libya,LBY,45752336035.9846,6812341.0,62961304.0,5.0,49.378357,56.6587376584444,,,2397855.0,1759540.0,0.0,20.0,22.8,4.813175,,4.51030149235703,90.0,79.4,1334.0
103,Liechtenstein,LIE,,39327.0,149934.0,,50.4265,0.0,5.1230164,,,160.0,,12.5,,,,,100.0,91.9,1.0
104,Lithuania,LTU,70974490450.4944,2831639.0,12667216.0,10.0,53.07134,83.8501652589056,2.5837471,2342390.0,1474043.0,62620.0,2.0,15.0,8.0,,745150135.641191,19.7050461518394,100.0,92.4,82.0
105,Luxembourg,LUX,81641807865.7591,653103.0,7524108.0,8.0,49.670666,86.2903707241359,0.6256638,622978.0,347323.0,2574.46,3.0,24.94,11.4,,-322053781286.067,6.33600807777919,100.0,92.1,13.0
106,Madagascar,MDG,15297192798.9771,29611714.0,4403593.0,7.0,49.885498,94.014116575592,,,15829771.0,581800.0,1.0,20.0,22.7,4096.11618374535,467848664.235502,8.16059031991792,64.0,26.4,331.0
107,Malawi,MWI,13164667626.9363,20405317.0,2094072.1,9.0,51.377953,85.5813828788976,,,8366090.0,94280.0,2.0,30.0,22.6,,243244065.018999,20.953969729969,61.0,31.5,70.0
108,Malaysia,MYS,407027451714.616,33938221.0,291071360.0,9.0,48.869377,66.1801298001693,0.72377706,29732254.0,17307639.0,328550.0,1.0,24.0,26.4,4.40107634540072,14725970431.5896,3.37869862549905,93.0,94.5,3837.0
109,Maldives,MDV,6170638746.965,523787.0,1701072.0,3.0,42.327747,54.1420155985597,,323744.0,260231.0,300.0,2.0,15.0,,15.386625,721895590.179118,2.33314337624567,98.0,79.0,0.0
110,Mali,MLI,18827176529.6983,22593590.0,7038757.0,8.0,49.50581,62.8550557009801,,5815387.0,8276658.0,1220190.0,0.0,30.0,29.2,623.759700911182,252912731.324,9.62147608489072,31.0,38.2,165.0
111,Malta,MLT,18125564514.2664,531113.0,1655127.0,7.0,47.987274,78.1270581778266,0.3796882,447639.0,301690.0,320.0,2.0,35.0,20.3,,4829250953.31145,6.15375621933037,93.0,87.0,1.0
112,Marshall Islands,MHL,258774475.097656,41569.0,151206.0,,48.91082,0.0,,,,180.0,,,,,2573907.8,,98.0,,0.0
113,Mauritania,MRT,9780863578.97688,4736139.0,4534088.0,6.0,51.016212,46.1291224147568,,1835431.0,1178602.0,1030700.0,1.0,25.0,28.9,,1401620461.82275,9.52526628622834,46.0,53.7,22.0
114,Mauritius,MUS,12948726653.811,1262523.0,4249021.0,6.0,50.655277,62.7553402591339,2.6175704,842096.0,589392.0,2030.0,2.0,15.0,23.3,44.182775,252104279.704,10.7737512242898,89.0,81.7,8.0
115,Mexico,MEX,1465854089286.47,127504125.0,511971970.0,9.0,51.181034,60.486216121903,28.175653,90678697.0,60042318.0,1943950.0,2.0,30.0,21.7,20.12735,39101311849.0,7.8962761916855,93.0,78.0,6284.0
116,Moldova,MDA,14508333280.4233,2538894.0,5422021.0,7.0,52.53199,98.360454656963,,,1419562.0,32884.6,2.0,12.0,11.9,18.8971896198157,586040000.0,28.7372976766235,99.0,77.1,29.0
117,Mongolia,MNG,17146471626.3963,3398366.0,37894484.0,7.0,50.371292,77.8796197898217,6.153327,2058963.0,1402844.0,1557506.8,2.0,25.0,1.3,3140.67788364809,2504294749.65086,15.1479560897226,98.0,85.9,1169.0
118,Montenegro,MNE,6229801580.79157,617213.0,2292498.0,5.0,51.2811,77.1719788967627,2.3890734,488204.0,285797.0,13450.0,2.0,15.0,,0.950915533962108,872558550.293815,13.0403036347004,98.0,83.9,31.0
119,Morocco,MAR,130912558829.84,37457971.0,68411810.0,7.0,49.656467,29.0234220510041,1.9311379,30862724.0,12284010.0,446300.0,0.0,32.0,19.1,10.1606602430359,2177845609.37351,6.65704202759067,67.0,85.1,100.0
120,Mozambique,MOZ,18406835954.6695,32969518.0,8003215.0,8.0,50.939342,98.4174196787149,,5144410.0,15191227.0,786380.0,1.0,32.0,24.4,63.8508333333333,2539017295.64802,10.2794018093421,51.0,25.8,746.0
121,Myanmar,MMR,62263466263.7375,54179306.0,34922210.0,7.0,50.216312,59.4001860997781,28.437815,18751542.0,22884069.0,652670.0,0.0,22.0,24.0,,1238500000.0,,93.0,65.7,1147.0
122,Namibia,NAM,12914932655.685,2567012.0,3952970.0,6.0,51.73545,87.6890934510439,12.449852,1020531.0,988727.0,823290.0,2.0,32.0,20.2,16.3558583333333,1056043502.65038,6.08128114112413,76.0,68.1,29.0
123,Nauru,NRU,151647846.128953,12668.0,52922.0,,49.164734,0.0,,,,20.0,,25.0,,1.44166445896522,,,95.0,,0.0
124,Nepal,NPL,40828247303.5337,30547580.0,15499952.0,6.0,52.15259,53.1683351872451,,11064432.0,8937228.0,143350.0,2.0,25.0,14.4,125.199457792609,65455865.1017989,7.6507917679853,60.0,,465.0
125,New Caledonia,NCL,9623318718.31459,269220.0,5115215.0,,50.221684,85.8654253068134,,,121065.0,18280.0,,30.0,,113.474367224106,696307345.5,,,,2.0
126,New Zealand,NZL,248101705541.399,5124100.0,32211814.0,8.0,50.438686,88.0201141189651,,4630934.0,3033434.0,263310.0,3.0,28.0,11.7,1.57718333333333,8340194362.34964,7.17222476016441,99.0,89.5,727.0
127,Nicaragua,NIC,15671583939.9889,6948392.0,5550354.0,7.0,50.724613,59.8653459591679,11.006432,3053667.0,3264024.0,120340.0,1.0,30.0,25.8,35.874421141967,1293800000.0,10.4674244465991,78.0,56.1,94.0
128,Niger,NER,15342278919.4009,26207977.0,3058157.0,7.0,49.276222,73.817625647653,,,10237246.0,1266700.0,2.0,30.0,27.6,623.759700911182,965976158.959644,4.22621791916393,15.0,,115.0
129,Nigeria,NGA,472624597402.898,218541212.0,128759470.0,8.0,49.47219,79.2009953419212,,73956230.0,75721345.0,910770.0,1.0,30.0,27.2,425.979158066857,-186792428.930928,18.8471877843274,51.0,44.2,9932.0
130,North Macedonia,MKD,13563132102.1663,2057679.0,7588422.0,6.0,50.14111,67.937666310808,,1718534.0,907306.0,25220.0,2.0,10.0,11.7,58.5743916666667,854152514.519015,14.2047173195833,,79.6,50.0
131,Northern Mariana Islands,MNP,,49551.0,,,46.248055,0.0,,,,460.0,,21.0,,,,,,,0.0
132,Norway,NOR,593348981537.661,5457127.0,40808000.0,7.0,49.55489,89.9453949763378,0.5367368,5218441.0,2996483.0,364285.0,3.0,22.0,2.9,9.61416666666667,12903798815.5099,5.76412317852272,100.0,90.9,8727.0
133,Oman,OMN,114667360208.062,4576298.0,71986390.0,5.0,38.905304,36.2212825615051,0.24333748,4326686.0,2315787.0,309500.0,0.0,15.0,27.9,0.3845,5478803641.09233,2.81184097477163,87.0,90.5,3341.0
134,Pakistan,PAK,374697366359.244,235824862.0,200199900.0,8.0,49.51824,30.1888655721516,3.9787881,56799184.0,80989797.0,770880.0,1.0,29.0,22.2,204.867187469982,1415000000.0,19.8738599646655,55.0,48.7,2220.0
135,Palau,PLW,,18055.0,219249.0,,47.95273,0.0,,,,460.0,,,,1.0,72014000.0,12.3526638378124,100.0,,0.0
136,Panama,PAN,76522511800.0,4408581.0,11899901.0,7.0,49.979557,65.9042107468315,12.639997,2759146.0,2095776.0,74180.0,2.0,25.0,25.3,1.0,2997059850.12,2.85748282185328,94.0,74.8,41.0
137,Papua New Guinea,PNG,31603619041.7903,10142619.0,7823140.0,6.0,48.360054,96.5218295218295,,,3228808.0,452860.0,1.0,30.0,24.8,3.51922970506745,326714860.795,5.25323922215241,63.0,,596.0
138,Paraguay,PRY,41722295229.2279,6780744.0,9018049.0,6.0,49.80063,72.2232336841083,7.8313804,4895026.0,3468731.0,397300.0,2.0,10.0,23.9,6982.75237776692,672035411.403589,9.76556667164402,94.0,71.7,293.0
139,Peru,PER,242631573320.79,34049588.0,60921110.0,8.0,50.482346,82.8726641684062,,21731361.0,18529435.0,1280000.0,2.0,29.5,19.6,3.83518137473542,10848486727.5594,8.33370630096231,94.0,73.4,890.0
140,Philippines,PHL,404284326110.463,115559009.0,150395980.0,9.0,49.22963,64.59328179517,,55871109.0,49477060.0,298170.0,1.0,25.0,26.6,54.477785837205,9365998303.16135,5.82115811213955,95.0,65.0,1229.0
141,Poland,POL,688125010520.52,36821749.0,323117300.0,10.0,51.64332,77.0872567482737,0.71265,31966596.0,17986215.0,306130.0,2.0,19.0,9.7,4.45775833333333,36900000000.0,14.4294507575758,100.0,94.6,2423.0
142,Portugal,PRT,255196660987.427,10409704.0,41605030.0,8.0,52.82134,86.868607519364,0.7968822,8059531.0,5345459.0,91605.6,2.0,31.5,16.9,,9531041797.40264,7.83269124233323,94.0,85.6,254.0
143,Puerto Rico,PRI,113434800000.0,3221789.0,,,52.764996,60.9741694605303,,,1162692.0,8870.0,,37.5,,,,,,,2.0
144,Qatar,QAT,236258302839.653,2695122.0,101340350.0,6.0,27.32503,66.4067435045098,0.33479217,2750807.0,2035269.0,11490.0,0.0,10.0,29.1,3.64,76098901.098901,4.99527553740761,96.0,97.3,9216.0
145,Romania,ROU,300691354864.855,19047009.0,73521290.0,10.0,51.651966,68.6122402707824,1.2623806,15253305.0,8134075.0,230080.0,2.0,16.0,11.2,4.688475,11477511658.9305,13.7954887432521,99.0,87.0,941.0
146,Russian Federation,RUS,2240422427458.58,144236933.0,1652177300.0,7.0,53.555218,78.8593277043174,6.7993197,123766963.0,72352166.0,16376870.0,1.0,20.0,,68.4849416666667,-39799830000.0,,100.0,88.9,60041.0
147,Rwanda,RWA,13311487445.0686,13776698.0,1547760.0,6.0,51.104637,82.9035123375939,,3483787.0,5283082.0,24670.0,1.0,30.0,19.1,1030.30829974206,398599354.801508,17.6892095588154,66.0,40.1,89.0
148,Samoa,WSM,832945205.637185,222382.0,249491.0,,49.008522,61.5014408365765,,,76895.0,2780.0,,27.0,,2.68899764734059,4800455.46477421,10.9618822286844,99.0,63.1,2.0
149,Sao Tome and Principe,STP,542686976.457587,227380.0,132255.0,4.0,50.11138,53.6019536019536,,72154.0,76394.0,960.0,2.0,25.0,,23.2904039548641,126744195.956601,18.0056351122846,70.0,54.5,1.0
150,Saudi Arabia,SAU,1108571517285.38,36408820.0,662549400.0,6.0,42.236393,43.1837235200641,,35226770.0,16933906.0,2149690.0,0.0,20.0,26.5,3.75,28055082623.9904,2.4740737192537,94.0,94.9,25618.0
151,Senegal,SEN,27684264748.2324,17316449.0,11668435.0,9.0,50.837273,58.8339305553382,,7001787.0,5257332.0,192530.0,2.0,30.0,29.0,623.759700911182,2586179934.266,9.69681899081073,52.0,66.5,86.0
152,Serbia,SRB,63563401043.5044,6664449.0,43506644.0,8.0,52.07316,75.0497296182239,1.0552616,5766328.0,3326862.0,87460.0,1.0,15.0,12.6,111.662183333333,4612248811.51069,11.9815117344703,98.0,85.1,458.0
153,Seychelles,SYC,1588438144.37685,119878.0,658828.0,3.0,47.30866,0.0,4.6961365,83381.0,,460.0,3.0,25.0,,14.2727945255291,189823893.166482,,94.0,80.9,0.0
154,Sierra Leone,SLE,4094563859.43556,8605718.0,1129488.0,8.0,49.898827,91.476213307762,,1482115.0,2912540.0,72180.0,2.0,25.0,26.6,14.0476497942157,293970572.80401,27.2082883814653,46.0,,56.0
155,Singapore,SGP,466788426791.966,5637022.0,53252430.0,9.0,47.694603,80.8930071398572,0.10099207,5437341.0,3469861.0,718.0,1.0,17.0,27.7,1.37866666666667,140844052224.371,6.12106004039418,96.0,97.4,26.0
156,Slovak Republic,SVK,115461711688.965,5431752.0,34151680.0,9.0,51.173466,83.5569872042277,1.0096148,4906697.0,2768693.0,48080.0,3.0,21.0,9.8,,4049276966.11627,12.7741463637611,100.0,87.1,280.0
157,Slovenia,SVN,60063475466.3446,2111986.0,12714800.0,10.0,49.742004,85.2306182531894,0.4246466,1833911.0,1050575.0,20136.4,2.0,19.0,11.0,,2180392923.46606,8.83369886749452,100.0,88.4,151.0
158,Solomon Islands,SLB,1597204340.62902,724273.0,298633.0,3.0,48.904076,95.9388155071842,,,382330.0,27990.0,2.0,30.0,,8.1555286976263,40718832.6899574,5.51812928576961,77.0,,3.0
159,Somalia,SOM,10419541202.0382,17597511.0,646921.0,6.0,49.866177,44.7466948704389,,,3276784.0,627340.0,0.0,,,,636000000.0,,39.0,21.4,151.0
160,South Africa,ZAF,405270850099.387,59893885.0,404053980.0,8.0,51.349533,81.499229847681,41.865726,41161350.0,25158403.0,1213090.0,2.0,27.0,18.4,16.3558534845,9194808415.59228,7.03972661255866,93.0,80.5,6313.0
161,South Sudan,SSD,,10913164.0,1833605.0,5.0,50.498238,98.9364695290079,,689405.0,4471289.0,631930.0,0.0,30.0,,534.511188691756,121500000.0,-6.68732094212652,27.0,,358.0
162,Spain,ESP,1417800466262.65,47778340.0,245613820.0,8.0,50.993423,83.7486871001623,0.6106943,44145745.0,23788645.0,499556.66,3.0,25.0,15.3,,51425057273.8367,8.39057634118627,98.0,91.4,1407.0
163,Sri Lanka,LKA,74403578363.4355,22181000.0,17327094.0,8.0,51.821606,44.6385843859551,,7600277.0,8788140.0,61860.0,2.0,30.0,27.2,,898295213.769499,49.7211021114331,91.0,69.9,151.0
164,St. Kitts and Nevis,KNA,965638864.921867,47657.0,224486.0,,51.655254,0.0,29.40775,,,260.0,,33.0,,2.7,43325552.7421315,2.66738842693243,97.0,82.3,0.0
165,St. Lucia,LCA,2343703703.7037,179857.0,470351.0,3.0,50.493458,85.0958010599266,38.96433,95538.0,100833.0,610.0,,30.0,,2.7,32968826.6517237,6.37814695133372,90.0,73.3,1.0
166,Sudan,SDN,51662241775.0629,46874204.0,22013348.0,8.0,50.030403,41.0884594407347,,12621097.0,13589630.0,1868000.0,0.0,35.0,27.6,546.75885,573504494.776,138.80846024176,74.0,,405.0
167,Suriname,SUR,3620987993.32637,618040.0,3586520.0,4.0,50.180347,69.6925740489448,5.7097692,425312.0,250230.0,156000.0,2.0,36.0,26.5,24.709174756579,-9305315.3695988,52.4460272762408,95.0,76.8,43.0
168,Sweden,SWE,591718144602.141,10486941.0,38050544.0,8.0,49.627735,89.9038188730636,1.0795734,9802763.0,5829755.0,407283.53,3.0,20.6,3.8,10.114251277564,45881781374.147,8.36929098869189,99.0,93.9,1411.0
169,Switzerland,CHE,818426550206.45,8775760.0,35380164.0,7.0,50.36489,85.6519916142558,0.48323596,8137569.0,4978943.0,39516.03,3.0,19.653,8.1,0.9548325,-10988929763.848,2.83502798644463,99.0,91.6,519.0
170,Syrian Arab Republic,SYR,,22125249.0,27635256.0,5.0,49.911118,22.2286864366804,,7432437.0,6314719.0,183630.0,0.0,28.0,,,,,86.0,49.6,191.0
171,Tajikistan,TJK,10492123387.7931,9952787.0,10017384.0,5.0,49.680916,61.6705454403223,,,2677489.0,138790.0,1.0,18.0,5.1,11.031075,174305128.239982,,100.0,,155.0
172,Thailand,THA,495423343049.622,71697030.0,270746370.0,9.0,51.405766,78.2999272342396,,55639332.0,40813511.0,510890.0,0.0,20.0,26.8,35.0613502144776,11231916012.2157,6.07741228434319,96.0,88.7,2598.0
173,Timor-Leste,TLS,3204753000.0,1341296.0,668892.0,4.0,49.006165,84.6713709397918,,378299.0,596825.0,14870.0,2.0,10.0,,1.0,-395383447.111064,,58.0,39.0,197.0
174,Togo,TGO,8341225241.45693,8848699.0,2575560.0,7.0,49.735523,94.0003348961822,,2026220.0,3165789.0,54390.0,1.0,27.0,27.5,623.759700911182,-226939149.536,7.96757361617885,60.0,40.2,126.0
175,Tonga,TON,,106858.0,189008.0,,50.537178,64.7426014933043,,,38483.0,720.0,,25.0,,2.32792982731644,7492007.08359246,10.9713652903022,99.0,58.2,0.0
176,Trinidad and Tobago,TTO,30053575132.142,1531044.0,34331736.0,6.0,50.658237,71.9186028282068,29.364283,,681265.0,5130.0,2.0,30.0,,6.75412896099475,-913501690.396033,5.82838638517959,99.0,76.6,1226.0
177,Tunisia,TUN,46303552449.3542,12356117.0,35576780.0,7.0,50.606934,38.8981442582103,,8744277.0,4445313.0,155360.0,1.0,15.0,21.4,3.1036,643213141.178691,8.30646124447623,79.0,75.4,207.0
178,Turkiye,TUR,907118435952.688,84979913.0,435684600.0,9.0,49.87953,49.3873216805689,2.5195987,65347988.0,35111887.0,769630.0,1.0,25.0,12.2,16.5488604173067,13094000000.0,72.3088359891207,,85.8,1826.0
179,Turkmenistan,TKM,56542857142.8571,6430770.0,70958350.0,5.0,50.46041,105.664982444121,,,2163083.0,469930.0,0.0,8.0,17.7,,936039710.0,,100.0,,3255.0
180,Turks and Caicos Islands,TCA,1138808881.1,45703.0,349200.0,,49.618744,0.0,,,,950.0,,0.0,,,35000000.0,,,,0.0
181,Tuvalu,TUV,59065979.0227679,11312.0,11340.0,,48.634415,0.0,,,,30.0,,,,,,,99.0,,0.0
182,Uganda,UGA,45567304608.4764,47249585.0,6021782.0,8.0,50.49342,93.3786453368699,8.531467,8836517.0,18881435.0,200520.0,1.0,30.0,23.1,3689.81738566862,2952941687.83428,7.1957888597581,73.0,34.8,979.0
183,Ukraine,UKR,160502737251.047,38000000.0,141253000.0,8.0,53.717728,0.0,3.843201,32948894.0,,579400.0,1.0,18.0,10.0,32.3423016,247000000.0,20.1836366617478,100.0,80.8,2329.0
184,United Arab Emirates,ARE,507063968273.313,9441129.0,243895220.0,7.0,30.465178,59.4600981834979,0.46982723,9287286.0,6668172.0,71020.0,0.0,9.0,28.9,3.6725,22736555479.9,4.82788859594475,90.0,96.4,9465.0
185,United Kingdom,GBR,3089072722400.14,66971395.0,318654370.0,8.0,50.597397,87.4941803709544,,63584584.0,34673438.0,241930.0,3.0,25.0,10.1,0.811301715827773,44897919400.6377,7.92204883147902,99.0,92.8,4894.0
186,United States,USA,25439700000000.0,333287557.0,5057303600.0,9.0,50.46207,83.8591440612572,6.8074665,305371298.0,170602911.0,9147420.0,3.0,25.768,9.7,1.0,388078000000.0,8.00279982052121,86.0,96.6,90604.0
187,Uruguay,URY,71177146197.4951,3422794.0,7893098.0,7.0,51.5655,76.9933955630317,8.901836,2952444.0,1775121.0,175020.0,3.0,25.0,17.7,41.1710833333333,8523456474.63216,9.10437983075437,98.0,87.1,132.0
188,Uzbekistan,UZB,80391853887.4049,35648100.0,120610190.0,9.0,49.967228,54.8103194980297,1.4054567,23837456.0,14184361.0,440650.0,1.0,15.0,14.9,11050.145422363,2497511102.62899,11.4466436998834,100.0,81.7,1730.0
189,Vanuatu,VUT,1055811723.74753,326740.0,207909.0,3.0,49.706238,77.0985471107605,,,141633.0,12190.0,2.0,0.0,,115.353916666667,10694983.2150241,7.10223129648531,84.0,67.9,1.0
190,Viet Nam,VNM,408802378904.838,98186856.0,343606620.0,8.0,50.613358,88.0278159826214,,67944025.0,56149382.0,313429.0,0.0,20.0,24.7,23271.2125,17900000000.0,3.15650749963129,94.0,80.6,2509.0
191,"Yemen, Rep.",YEM,,33696614.0,11356347.0,7.0,49.461487,8.44450329372041,,,6882832.0,527970.0,0.0,20.0,,1114.29284114183,,,68.0,,164.0
192,Zambia,ZMB,29163782138.3415,20017675.0,8921889.0,8.0,50.65505,77.4528442002079,,3747688.0,7051257.0,743390.0,2.0,30.0,21.9,16.9375943252989,-65118862.8223029,10.9932039209135,61.0,49.5,405.0
193,Zimbabwe,ZWE,27366627153.0852,16320537.0,8855981.0,9.0,52.832848,83.227220109145,6.139985,4591211.0,6560725.0,386850.0,1.0,24.72,21.8,374.954362604663,341500000.0,104.705170628667,84.0,42.7,377.0
